step,epoch,train_cnt,avg_reward,avg_q,epsilon,time
10000,0,10000,1.47572815534,0.587705623603,0.01,519.333718061
20000,0,20000,1.50728862974,0.355515935569,0.01,938.608095884
30000,0,30000,1.58021390374,0.280965326799,0.01,1363.32458401
40000,0,40000,1.6476426799,0.243487579462,0.01,1814.0324471
50000,1,50000,1.66361556064,0.222547259959,0.01,2234.66729093
