step,epoch,train_cnt,avg_reward,avg_q,epsilon,time
10000,0,10000,1.23529411765,0.0676857097872,0.01,732.143983126
20000,0,20000,1.34986225895,0.102728474763,0.01,1370.43438005
